{
  "parent": "minecraft:recipes/root",
  "criteria": {
    "has_stripped_logs": {
      "conditions": {
        "items": [
          {
            "items": [
              "minecraft:stripped_warped_stem"
            ]
          }
        ]
      },
      "trigger": "minecraft:inventory_changed"
    },
    "has_the_recipe": {
      "conditions": {
        "recipe": "minecraft:warped_hanging_sign"
      },
      "trigger": "minecraft:recipe_unlocked"
    }
  },
  "requirements": [
    [
      "has_stripped_logs",
      "has_the_recipe"
    ]
  ],
  "rewards": {
    "recipes": [
      "minecraft:warped_hanging_sign"
    ]
  }
}