{
  "parent": "minecraft:recipes/root",
  "criteria": {
    "has_smithing_trim_template": {
      "conditions": {
        "items": [
          {
            "items": [
              "minecraft:dune_armor_trim_smithing_template"
            ]
          }
        ]
      },
      "trigger": "minecraft:inventory_changed"
    },
    "has_the_recipe": {
      "conditions": {
        "recipe": "minecraft:dune_armor_trim_smithing_template_smithing_trim"
      },
      "trigger": "minecraft:recipe_unlocked"
    }
  },
  "requirements": [
    [
      "has_smithing_trim_template",
      "has_the_recipe"
    ]
  ],
  "rewards": {
    "recipes": [
      "minecraft:dune_armor_trim_smithing_template_smithing_trim"
    ]
  }
}