{
  "parent": "minecraft:recipes/root",
  "criteria": {
    "has_the_recipe": {
      "conditions": {
        "recipe": "minecraft:orange_dye_from_torchflower"
      },
      "trigger": "minecraft:recipe_unlocked"
    },
    "has_torchflower": {
      "conditions": {
        "items": [
          {
            "items": [
              "minecraft:torchflower"
            ]
          }
        ]
      },
      "trigger": "minecraft:inventory_changed"
    }
  },
  "requirements": [
    [
      "has_torchflower",
      "has_the_recipe"
    ]
  ],
  "rewards": {
    "recipes": [
      "minecraft:orange_dye_from_torchflower"
    ]
  }
}