{
  "parent": "minecraft:recipes/root",
  "criteria": {
    "has_logs": {
      "conditions": {
        "items": [
          {
            "tag": "minecraft:bamboo_blocks"
          }
        ]
      },
      "trigger": "minecraft:inventory_changed"
    },
    "has_the_recipe": {
      "conditions": {
        "recipe": "minecraft:bamboo_planks"
      },
      "trigger": "minecraft:recipe_unlocked"
    }
  },
  "requirements": [
    [
      "has_logs",
      "has_the_recipe"
    ]
  ],
  "rewards": {
    "recipes": [
      "minecraft:bamboo_planks"
    ]
  }
}